date,date,event_name_1
2011-02-28,3,3
2011-03-31,4,4
2011-04-30,2,2
2011-05-31,4,4
2011-06-30,2,2
2011-07-31,1,1
2011-08-31,2,2
2011-09-30,1,1
2011-10-31,2,2
2011-11-30,3,3
2011-12-31,2,2
2012-01-31,3,3
2012-02-29,5,5
2012-03-31,2,2
2012-04-30,3,3
2012-05-31,3,3
2012-06-30,3,3
2012-07-31,2,2
2012-08-31,1,1
2012-09-30,1,1
2012-10-31,3,3
2012-11-30,2,2
2012-12-31,2,2
2013-01-31,3,3
2013-02-28,6,6
2013-03-31,2,2
2013-04-30,1,1
2013-05-31,3,3
2013-06-30,3,3
2013-07-31,2,2
2013-08-31,1,1
2013-09-30,1,1
2013-10-31,3,3
2013-11-30,2,2
2013-12-31,2,2
2014-01-31,3,3
2014-02-28,3,3
2014-03-31,4,4
2014-04-30,2,2
2014-05-31,3,3
2014-06-30,3,3
2014-07-31,2,2
2014-08-31,0,0
2014-09-30,1,1
2014-10-31,3,3
2014-11-30,2,2
2014-12-31,2,2
2015-01-31,3,3
2015-02-28,5,5
2015-03-31,2,2
2015-04-30,3,3
2015-05-31,3,3
2015-06-30,4,4
2015-07-31,2,2
2015-08-31,0,0
2015-09-30,2,2
2015-10-31,2,2
2015-11-30,2,2
2015-12-31,2,2
2016-01-31,3,3
2016-02-29,5,5
2016-03-31,3,3
2016-04-30,1,1
2016-05-31,4,4
2016-06-30,3,3
